[{"model": "core.user", "pk": 1, "fields": {"password": "pbkdf2_sha256$1000000$nt6bibmRygIOfUZFRTj0gi$SWmJXC20oLk0p08BRpCkEuVQT977SDPfY0CV8iXo5Sc=", "last_login": "2025-07-18T22:16:12.589Z", "is_superuser": true, "username": "NATH", "first_name": "", "last_name": "", "email": "chineduarize4@gmail.com", "is_staff": true, "is_active": true, "date_joined": "2025-07-18T10:44:35.064Z", "role": "", "groups": [], "user_permissions": []}}, {"model": "core.user", "pk": 2, "fields": {"password": "pbkdf2_sha256$1000000$HIvYNclhJvZ9mjEDRBIBzt$R2UZMHAmZVcHehei4rsa3cr0uGwx1aN54hERv9mRmoQ=", "last_login": "2025-07-18T15:13:37.285Z", "is_superuser": false, "username": "Ujunwa", "first_name": "", "last_name": "", "email": "", "is_staff": false, "is_active": true, "date_joined": "2025-07-18T10:49:01.906Z", "role": "cashier", "groups": [], "user_permissions": []}}, {"model": "core.user", "pk": 3, "fields": {"password": "pbkdf2_sha256$1000000$Jmu0G79UTOCI6PFVmYwvN5$yAv3QUyAo/GezyT54cbdUokxFPHmPW/SzDVtjDsq3XY=", "last_login": "2025-07-18T22:42:30.256Z", "is_superuser": false, "username": "NEDUM1", "first_name": "", "last_name": "", "email": "", "is_staff": false, "is_active": true, "date_joined": "2025-07-18T10:49:48.968Z", "role": "admin", "groups": [], "user_permissions": []}}, {"model": "core.headersettings", "pk": 1, "fields": {"hospital_name": "New-Life Clinic", "logo": "logos/logo_hospital_IWB5X0i.jpg", "menu_1": "Home", "menu_2": "Blogs", "menu_3": "Doctors", "menu_4": "Departments", "menu_5": "Appointments", "menu_6": "Testimonials", "menu_7": "Contact", "email": "chineduarize4@gmail.com", "phone": "+2348104684362", "working_hours": "Monday - Friday, 8AM to 10PM"}}, {"model": "core.department", "pk": 1, "fields": {"name": "Cardiology", "image": "departments/images_15.jpeg"}}, {"model": "core.department", "pk": 2, "fields": {"name": "Orthopedic Surgeon", "image": "departments/doctor-10_1.png"}}, {"model": "core.department", "pk": 3, "fields": {"name": "Endocrinologist", "image": "departments/images_14.jpeg"}}, {"model": "core.department", "pk": 4, "fields": {"name": "Pediatrician", "image": "departments/images_10.jpeg"}}, {"model": "core.department", "pk": 5, "fields": {"name": "Dermatologist", "image": "departments/department-img-13_FQiyeLl.jpg"}}, {"model": "core.department", "pk": 6, "fields": {"name": "Radiology", "image": "departments/department-img-14_1.jpg"}}, {"model": "core.department", "pk": 7, "fields": {"name": "Neonatologist", "image": "departments/department-img-15_1.jpg"}}, {"model": "core.department", "pk": 8, "fields": {"name": "Psychiatrist", "image": "departments/department-img-16_tzfxPex.jpg"}}, {"model": "core.department", "pk": 9, "fields": {"name": "Neurosurgeon", "image": "departments/department-img-12_1.jpg"}}, {"model": "core.department", "pk": 10, "fields": {"name": "Rheumatologist", "image": "departments/department-img-11_yu2MtQa.jpg"}}, {"model": "core.department", "pk": 11, "fields": {"name": "Gastroenterologist", "image": "departments/department-img-10_1.jpg"}}, {"model": "core.department", "pk": 12, "fields": {"name": "Geriatrician", "image": "departments/department-img-09_1.jpg"}}, {"model": "core.department", "pk": 13, "fields": {"name": "Otolarygologist", "image": "departments/department-img-08_1.jpg"}}, {"model": "core.department", "pk": 14, "fields": {"name": "oncologist", "image": "departments/department-img-07_1.jpg"}}, {"model": "core.department", "pk": 15, "fields": {"name": "Endocrinologist", "image": "departments/department-img-06_1.jpg"}}, {"model": "core.department", "pk": 16, "fields": {"name": "Pulmonologist", "image": "departments/department-img-05_1.jpg"}}, {"model": "core.department", "pk": 17, "fields": {"name": "Neurologist", "image": "departments/department-img-04_1.jpg"}}, {"model": "core.department", "pk": 18, "fields": {"name": "Gynecology", "image": "departments/department-img-03_1.jpg"}}, {"model": "core.department", "pk": 19, "fields": {"name": "Pediatrics", "image": "departments/department-img-02_1_vHyaOln.jpg"}}, {"model": "core.department", "pk": 20, "fields": {"name": "Radiologist", "image": "departments/department-img-01_2.jpg"}}, {"model": "core.department", "pk": 21, "fields": {"name": "Dentist", "image": "departments/download_JgAUbgV.jpeg"}}, {"model": "core.department", "pk": 22, "fields": {"name": "Psychiatrist", "image": "departments/download_8.jpeg"}}, {"model": "core.doctor", "pk": 1, "fields": {"user": null, "department": 1}}, {"model": "core.doctor", "pk": 2, "fields": {"user": null, "department": 1}}, {"model": "core.doctor", "pk": 3, "fields": {"user": null, "department": 2}}, {"model": "core.doctor", "pk": 4, "fields": {"user": null, "department": 3}}, {"model": "core.doctor", "pk": 5, "fields": {"user": null, "department": 4}}, {"model": "core.appointment", "pk": 1, "fields": {"full_name": "Nathaniel Arize", "email": "chineduarize4@gmail.com", "phone": "+2348104684362", "doctor": 4, "date": "2025-07-31", "time": "15:37:00", "comment": "gggg", "date_created": "2025-07-18T14:35:57.679Z", "payment_amount": null, "payment_status": "Pending", "status": "Scheduled"}}, {"model": "core.appointment", "pk": 2, "fields": {"full_name": "Nathaniel Arize", "email": "chineduarize@gmail.com", "phone": "08142229340", "doctor": 1, "date": "2025-07-18", "time": "17:48:00", "comment": "slight headache", "date_created": "2025-07-18T14:47:35.896Z", "payment_amount": null, "payment_status": "Pending", "status": "Scheduled"}}, {"model": "core.appointment", "pk": 3, "fields": {"full_name": "amaka", "email": "noemail@example.com", "phone": "09104646464", "doctor": 5, "date": "2025-07-18", "time": "17:27:00", "comment": "fever", "date_created": "2025-07-18T16:26:52.694Z", "payment_amount": null, "payment_status": "Pending", "status": "Scheduled"}}, {"model": "core.specialty", "pk": 1, "fields": {"name": "Cardiology", "doctor_count": 2, "image": "specialties/heart-anatomy_4zpEHOt.png"}}, {"model": "core.specialty", "pk": 2, "fields": {"name": "Dental Care", "doctor_count": 4, "image": "specialties/images_16.jpeg"}}, {"model": "core.specialty", "pk": 3, "fields": {"name": "Neurology", "doctor_count": 1, "image": "specialties/neurology_YJ1ZaGL.jpeg"}}, {"model": "core.specialty", "pk": 4, "fields": {"name": "Gynecology", "doctor_count": 5, "image": "specialties/gynecology_3DNyfwk.jpg"}}, {"model": "core.specialty", "pk": 5, "fields": {"name": "Oncology", "doctor_count": 3, "image": "specialties/oncology_zmssGcW.jpeg"}}, {"model": "core.specialty", "pk": 6, "fields": {"name": "Urology", "doctor_count": 1, "image": "specialties/urology_x5YL1jy.jpeg"}}, {"model": "core.aboutsection", "pk": 1, "fields": {"heading": "Accessible & Reliable Healthcare Simplified", "paragraph": "We provide comprehensive, high-quality healthcare for patients of all ages. Our clinic is home to a range of specialized departments, ensuring that all your medical needs are met under one roof. Whether you need a routine checkup or specialized treatment, our experienced team is here to help.", "bullet_points": "Routine check-ups\r\nState-of-the-Art Facilities\r\nConvenient Location\r\nComprehensive Care\r\nMinor outpatient procedures\r\nExperienced Healthcare Providers", "image1": "about/blog-img-08_1.jpg", "image2": "about/blog-img-01_2.jpg", "moving_text": "25+ years of experience in healthcare"}}, {"model": "core.featureddoctor", "pk": 2, "fields": {"name": "Dr. Michael Thompson", "specialty": "Cardiologist", "photo": "doctors/doctor-01_2.png", "appointments_completed": 200, "start_price": "2500.00"}}, {"model": "core.featureddoctor", "pk": 3, "fields": {"name": "Dr. Sarah Johnson", "specialty": "Orthopedic Surgeon", "photo": "doctors/images_8_Pgrmx7Q.jpeg", "appointments_completed": 213, "start_price": "3000.00"}}, {"model": "core.featureddoctor", "pk": 4, "fields": {"name": "Dr. Alvan Davis", "specialty": "Endocrinologist", "photo": "doctors/doctor-08_1.png", "appointments_completed": 109, "start_price": "2000.00"}}, {"model": "core.featureddoctor", "pk": 5, "fields": {"name": "Dr. Patricia Brown", "specialty": "Pulmonologist", "photo": "doctors/doctor-10_1.png", "appointments_completed": 34, "start_price": "800.00"}}, {"model": "core.featureddoctor", "pk": 6, "fields": {"name": "Dr. Kenny Clark", "specialty": "Dermatologist", "photo": "doctors/doctor-09_2.png", "appointments_completed": 300, "start_price": "2000.00"}}, {"model": "core.featureddoctor", "pk": 7, "fields": {"name": "Dr. Matina Lisa", "specialty": "Surgeon", "photo": "doctors/doctor-16_9ZeNI44.png", "appointments_completed": 123, "start_price": "3000.00"}}, {"model": "core.featureddoctor", "pk": 8, "fields": {"name": "Dr. John Smith", "specialty": "Neurologist", "photo": "doctors/doctor-06_1_NtaQRhc.png", "appointments_completed": 98, "start_price": "2000.00"}}, {"model": "core.featureddoctor", "pk": 9, "fields": {"name": "Dr. Rachel Green", "specialty": "Urologist", "photo": "doctors/doctor-11_1_r872Ljh.png", "appointments_completed": 77, "start_price": "900.00"}}, {"model": "core.featureddoctor", "pk": 10, "fields": {"name": "Dr. Oliver King", "specialty": "Orthopedist", "photo": "doctors/doctor-15_1_KN21J9R.png", "appointments_completed": 103, "start_price": "900.00"}}, {"model": "core.featureddoctor", "pk": 11, "fields": {"name": "Dr. David Lee", "specialty": "Gynecologist", "photo": "doctors/doctor-04_GXNpLnQ.png", "appointments_completed": 55, "start_price": "1200.00"}}, {"model": "core.featureddoctor", "pk": 12, "fields": {"name": "Dr. Maya Collins", "specialty": "Cardiologist", "photo": "doctors/doctor-07_2.png", "appointments_completed": 233, "start_price": "900.00"}}, {"model": "core.featureddoctor", "pk": 13, "fields": {"name": "Dr. Nedu Arize", "specialty": "Orthopedic Surgeon", "photo": "doctors/download_9.jpeg", "appointments_completed": 12, "start_price": "2000.00"}}, {"model": "core.highlightitem", "pk": 1, "fields": {"image": "highlight/emoji1_yRlVKNP.jpg", "title": "10000 +", "subtitle": "Happy People"}}, {"model": "core.highlightitem", "pk": 2, "fields": {"image": "highlight/time_F0r2YjC.png", "title": "8954 +", "subtitle": "Appointment Completed  img 1000 +"}}, {"model": "core.highlightitem", "pk": 3, "fields": {"image": "highlight/logo_hospital_2uGCQ1v.jpg", "title": "1000 +", "subtitle": "Expert Doctors & Team"}}, {"model": "core.highlightitem", "pk": 4, "fields": {"image": "highlight/cross_logo_niPKQTI.jpg", "title": "9658 +", "subtitle": "Total Patients Enrolled"}}, {"model": "core.infocard", "pk": 1, "fields": {"title": "General Medicine", "subtitle": "general medicine", "image": "info_cards/log3_T5oqUYd.jpeg", "paragraph": "Our general medicine department offers a wide range of medical care to patients of all ages"}}, {"model": "core.infocard", "pk": 2, "fields": {"title": "Surgery", "subtitle": "surgery", "image": "info_cards/blog-img-06.webp", "paragraph": "Our surgical department offers a range of surgical procedures, from outpatients surgeries"}}, {"model": "core.infocard", "pk": 3, "fields": {"title": "Laboratory Services", "subtitle": "Laboratory Services", "image": "info_cards/lab_ns68isz.jpg", "paragraph": "Our laboratory  services department ensures fast and accurate  testing for a variety"}}, {"model": "core.infocard", "pk": 4, "fields": {"title": "Pediatrics", "subtitle": "Pediatrics", "image": "info_cards/log1.jpg", "paragraph": "The pediatric department is focused on the healthcare need of children from infancy"}}, {"model": "core.userreview", "pk": 1, "fields": {"name": "Andrew Fletcher", "address": "Nevada, USA", "photo": "review_photos/download_6.jpeg", "comment": "I have been coming here, and I always feel heard", "rating": 5}}, {"model": "core.userreview", "pk": 2, "fields": {"name": "Beatrice Agu", "address": "Awka, Anambra.", "photo": "review_photos/download_5.jpeg", "comment": "From the first consultation to my smile. the experience was.....", "rating": 5}}, {"model": "core.userreview", "pk": 3, "fields": {"name": "John Doe", "address": "Kumasi, Ghana", "photo": "review_photos/12_8ZzXBnK.jpg", "comment": "From the first consultation, everything has been so awesome", "rating": 5}}, {"model": "core.userreview", "pk": 4, "fields": {"name": "Ebuka Anya", "address": "Ugwuoba, Enugu", "photo": "review_photos/360_F_328268657_OSSRDoZeO6isXj3QxRUTaXlmGF6lLmyZ_LanvHyA.jpg", "comment": "just awesome", "rating": 5}}, {"model": "core.article", "pk": 1, "fields": {"title": "Health Issue", "image": "articles/department-img-12.jpg", "category": "Health Issue", "date_published": "2025-07-18", "excerpt": "How to maintain your mental health during stressful times"}}, {"model": "core.article", "pk": 2, "fields": {"title": "Regular checkup", "image": "articles/images_3_fdUUvZ7.jpeg", "category": "Regular Checkups", "date_published": "2025-07-18", "excerpt": "Understanding the importance of regular health checkup"}}, {"model": "core.article", "pk": 3, "fields": {"title": "Diet tips", "image": "articles/excercise_Kg3BZWX.jpg", "category": "Diet tips", "date_published": "2025-07-18", "excerpt": "Tips for staying healthy while working long hours"}}, {"model": "core.doctorcta", "pk": 1, "fields": {"heading": "Schedule Your Appointment With Us", "description": "Our Surgery department offers a range of surgical procedures, from minor outpatient surgeries to more complex operations", "button_text": "View all doctors", "image": "cta_images/images_8.jpeg"}}, {"model": "core.footersettings", "pk": 1, "fields": {"copyright_text": "© 2025 New-Life Clinic", "instagram_url": "https://www.instagram.com/", "twitter_url": "https://x.com/?lang=en", "facebook_url": "https://www.facebook.com/", "linkedin_url": "https://www.linkedin.com/login", "youtube_url": "https://www.youtube.com/"}}, {"model": "core.doctorspagesettings", "pk": 1, "fields": {"title": "Doctors", "breadcrumb_home_text": "Home", "background_color": "aliceblue", "height": "45vh"}}, {"model": "core.blog", "pk": 1, "fields": {"title": "Vaccination Facts Explain", "slug": "vaccination-facts-explain", "content": "Learn how to manage diabetes and hypertension through lifestyle changes, medication adherence, and regular checkups.", "image": "blogs/blog-img-01_2.jpg", "category": "Patient Guide", "date_published": "2025-07-18", "created_at": "2025-07-18T12:08:10.718Z", "label": "Health Tips"}}, {"model": "core.blog", "pk": 2, "fields": {"title": "Healthy Heart Habits", "slug": "healthy-heart-habits", "content": "Discover simple daily habits to improve heart health, lower cholesterol, and live a longer, healthier life.", "image": "blogs/blog-img-02_1.jpg", "category": "Wellness", "date_published": "2025-07-18", "created_at": "2025-07-18T12:10:09.735Z", "label": "Health Tips"}}, {"model": "core.blog", "pk": 3, "fields": {"title": "Laboratory Lab Test", "slug": "laboratory-lab-test", "content": "A beginner’s guide to common blood tests—what they mean, when needed, and how to interpret results with your doctor.", "image": "blogs/blog-img-03_2.jpg", "category": "Preventive Care", "date_published": "2025-07-18", "created_at": "2025-07-18T12:11:24.659Z", "label": "Preventive Care"}}, {"model": "core.blog", "pk": 4, "fields": {"title": "More Vaccination Facts Explain", "slug": "More-Vaccination-Facts-Explain", "content": "Myths vs. facts on vaccines—why they’re safe, important, and how they protect you and the community.", "image": "", "category": "Immunization", "date_published": "2025-07-18", "created_at": "2025-07-18T12:13:48.061Z", "label": "Immunization"}}, {"model": "core.blog", "pk": 5, "fields": {"title": "Mental Health Awareness", "slug": "mental-health-awareness", "content": "Understand signs of anxiety and depression, and how to seek support through therapy, lifestyle balance, and self-care.", "image": "blogs/blog-img-05_1.jpg", "category": "Wellness", "date_published": "2025-07-18", "created_at": "2025-07-18T12:14:50.012Z", "label": "wellness"}}, {"model": "core.blog", "pk": 6, "fields": {"title": "Preparation Surgery", "slug": "preparation-surgery", "content": "Know what to expect before surgery—fasting, instructions, emotional readiness, and questions to ask your healthcare team.", "image": "blogs/blog-img-06.jpg", "category": "Patient Guide", "date_published": "2025-07-18", "created_at": "2025-07-18T12:15:53.248Z", "label": "Patient Guide"}}, {"model": "core.blog", "pk": 7, "fields": {"title": "Boasting Immunity Naturally", "slug": "boasting-immunity-naturally", "content": "Use food, sleep, hydration, and stress management to build stronger immunity especially during flu and allergy seasons.", "image": "blogs/blog-img-07_zQPN3Qp.webp", "category": "Wellness", "date_published": "2025-07-18", "created_at": "2025-07-18T12:17:18.117Z", "label": "wellness"}}, {"model": "core.blog", "pk": 8, "fields": {"title": "Post-surgery Care Tips", "slug": "post-surgery-care-tips", "content": "Aftercare tips to heal faster after surgery medications, wound care, mobility, and signs of complications to watch for.", "image": "blogs/blog-img-08_1.jpg", "category": "Recovery", "date_published": "2025-07-18", "created_at": "2025-07-18T12:18:36.141Z", "label": "Recovery"}}, {"model": "core.blog", "pk": 9, "fields": {"title": "Benefits of Annual Checkups", "slug": "benefits-of-annual-checkups", "content": "Regular health checkups help detect early signs of illness, track progress, and keep you on a preventive care path.", "image": "blogs/blog-img-09_1.jpg", "category": "Preventive Care", "date_published": "2025-07-18", "created_at": "2025-07-18T12:19:46.854Z", "label": "Preventive Care"}}, {"model": "core.featuredblog", "pk": 1, "fields": {"title": "Health issue", "category": "blue", "image": "blogs/medical_woman.jpg", "date_published": "2025-07-18", "excerpt": "How to maintain your mental health during stressful times"}}, {"model": "core.testimonial", "pk": 1, "fields": {"name": "Andrew Fletcher", "location": "Secondi, Ghana", "photo": "testimonials/images_13_wLkX4kU.jpeg", "quote": "The staff and doctors take the time to listen to my concerns, provide thoughtful advice.", "rating": 5, "created_at": "2025-07-18T17:49:15.004Z"}}, {"model": "core.testimonial", "pk": 2, "fields": {"name": "Karen Odoi", "location": "California, USA", "photo": "testimonials/download_5_hzdUNlG.jpeg", "quote": "From the consultation to my new smile, the experience was incredible.", "rating": 5, "created_at": "2025-07-18T17:50:57.363Z"}}, {"model": "core.testimonial", "pk": 3, "fields": {"name": "Daniel Bright", "location": "Seattle, USA", "photo": "testimonials/12_Ot9Gfcf.jpg", "quote": "The team is incredibly professional. I felt fully supported throughout my recovery.", "rating": 5, "created_at": "2025-07-18T17:53:17.644Z"}}, {"model": "core.testimonial", "pk": 4, "fields": {"name": "Mary Yeates", "location": "Miami, USA", "photo": "testimonials/13_dbiPODc.jpeg", "quote": "I was nervous about my procedure, but the staff was so caring", "rating": 5, "created_at": "2025-07-18T17:56:02.599Z"}}, {"model": "core.testimonial", "pk": 5, "fields": {"name": "Christopher Rosado", "location": "Seattle, USA", "photo": "testimonials/13_crcU5Qm.jpeg", "quote": "From the initial consultation, the entire experience was smooth", "rating": 5, "created_at": "2025-07-18T17:58:09.257Z"}}, {"model": "core.testimonial", "pk": 6, "fields": {"name": "Ken Henrick", "location": "Eziachi, Ugwuoba", "photo": "testimonials/pexels-photo-2379004.jpeg", "quote": "The entire checkup was smooth, and the staff made sure I was comfortable throughout.", "rating": 5, "created_at": "2025-07-18T18:04:59.697Z"}}, {"model": "core.enquiry", "pk": 1, "fields": {"name": "Nath J.", "email": "NewLifeClinic@outlook.com", "phone": "08104684362", "country": "Nigeria", "message": "JDHHDG", "is_read": true, "created_at": "2025-07-18T13:51:41.039Z"}}, {"model": "core.enquiry", "pk": 2, "fields": {"name": "Nath J.", "email": "NewLifeClinic@outlook.com", "phone": "08104684362", "country": "Nigeria", "message": "JDHHDG", "is_read": true, "created_at": "2025-07-18T13:51:41.039Z"}}, {"model": "core.enquiry", "pk": 3, "fields": {"name": "Nathaniel Arize", "email": "chineduarize@gmail.com", "phone": "08142229340", "country": "Nigeria", "message": "testing", "is_read": true, "created_at": "2025-07-18T13:54:29.981Z"}}, {"model": "core.enquiry", "pk": 4, "fields": {"name": "Nathaniel Arize", "email": "chineduarize@gmail.com", "phone": "08142229340", "country": "Nigeria", "message": "testing", "is_read": true, "created_at": "2025-07-18T13:54:31.480Z"}}, {"model": "core.enquiry", "pk": 5, "fields": {"name": "Nathaniel Arize", "email": "chineduarize@gmail.com", "phone": "08142229340", "country": "Nigeria", "message": "testing", "is_read": true, "created_at": "2025-07-18T13:54:32.086Z"}}, {"model": "core.enquiry", "pk": 6, "fields": {"name": "Nathaniel Arize", "email": "chineduarize4@gmail.com", "phone": "+2348104684362", "country": "Nigeria", "message": "not quite alright", "is_read": true, "created_at": "2025-07-18T14:03:07.038Z"}}, {"model": "core.enquiry", "pk": 7, "fields": {"name": "Nathaniel Arize", "email": "chineduarize4@gmail.com", "phone": "+2348104684362", "country": "Nigeria", "message": "i'm coming", "is_read": true, "created_at": "2025-07-18T14:09:24.199Z"}}, {"model": "core.enquiry", "pk": 8, "fields": {"name": "Nathaniel Arize", "email": "rmypeter23@gmail.com", "phone": "08104684362", "country": "Nigeria", "message": "i'm good tho", "is_read": true, "created_at": "2025-07-18T14:56:37.277Z"}}, {"model": "core.enquiry", "pk": 9, "fields": {"name": "Jemima David", "email": "noemail@example.com", "phone": "08104674464", "country": "Nigeria", "message": "i'm coming to meet you again", "is_read": true, "created_at": "2025-07-18T16:28:16.115Z"}}, {"model": "core.enquiry", "pk": 10, "fields": {"name": "j", "email": "support@nethub.trade", "phone": "08142229340", "country": "Nigeria", "message": "pretty cool", "is_read": true, "created_at": "2025-07-18T16:30:11.071Z"}}, {"model": "core.enquiry", "pk": 11, "fields": {"name": "m", "email": "chineduarize@gmail.com", "phone": "07034896768", "country": "Nigeria", "message": "i'm here", "is_read": true, "created_at": "2025-07-18T16:44:46.180Z"}}, {"model": "core.enquiry", "pk": 12, "fields": {"name": "g", "email": "chineduarize@gmail.com", "phone": "08142229340", "country": "Nigeria", "message": "bnnn", "is_read": true, "created_at": "2025-07-18T16:48:50.346Z"}}, {"model": "core.enquiry", "pk": 13, "fields": {"name": "yul", "email": "noemail@example.com", "phone": "08142229340", "country": "Nigeria", "message": "ghhh", "is_read": true, "created_at": "2025-07-18T16:50:56.918Z"}}, {"model": "core.enquiry", "pk": 14, "fields": {"name": "kl", "email": "support@nethub.trade", "phone": "08142229340", "country": "Nigeria", "message": "hft", "is_read": true, "created_at": "2025-07-18T16:53:03.777Z"}}, {"model": "core.enquiry", "pk": 15, "fields": {"name": "h", "email": "noemail@example.com", "phone": "08104684362", "country": "Nigeria", "message": "mn", "is_read": true, "created_at": "2025-07-18T16:59:58.199Z"}}, {"model": "core.enquiry", "pk": 16, "fields": {"name": "gh", "email": "chineduarize@gmail.com", "phone": "09032757575", "country": "ghana", "message": "gggf", "is_read": true, "created_at": "2025-07-18T21:57:09.072Z"}}, {"model": "core.activitylog", "pk": 1, "fields": {"user": 1, "action": "LOGOUT", "description": "User logged out.", "timestamp": "2025-07-18T10:45:43.596Z"}}, {"model": "core.activitylog", "pk": 2, "fields": {"user": 1, "action": "LOGOUT", "description": "User logged out.", "timestamp": "2025-07-18T10:49:54.013Z"}}, {"model": "core.activitylog", "pk": 3, "fields": {"user": 2, "action": "LOGIN", "description": "User logged in.", "timestamp": "2025-07-18T10:50:18.382Z"}}, {"model": "core.activitylog", "pk": 4, "fields": {"user": 2, "action": "LOGOUT", "description": "User logged out.", "timestamp": "2025-07-18T10:50:26.827Z"}}, {"model": "core.activitylog", "pk": 5, "fields": {"user": 3, "action": "LOGIN", "description": "User logged in.", "timestamp": "2025-07-18T10:50:50.147Z"}}, {"model": "core.activitylog", "pk": 6, "fields": {"user": 3, "action": "LOGOUT", "description": "User logged out.", "timestamp": "2025-07-18T10:50:55.480Z"}}, {"model": "core.activitylog", "pk": 7, "fields": {"user": 2, "action": "LOGIN", "description": "User logged in.", "timestamp": "2025-07-18T10:51:08.263Z"}}, {"model": "core.activitylog", "pk": 8, "fields": {"user": 2, "action": "LOGOUT", "description": "User logged out.", "timestamp": "2025-07-18T10:54:02.800Z"}}, {"model": "core.activitylog", "pk": 9, "fields": {"user": 3, "action": "LOGIN", "description": "User logged in.", "timestamp": "2025-07-18T10:54:18.840Z"}}, {"model": "core.activitylog", "pk": 10, "fields": {"user": 2, "action": "LOGIN", "description": "User logged in.", "timestamp": "2025-07-18T10:55:14.344Z"}}, {"model": "core.activitylog", "pk": 11, "fields": {"user": 2, "action": "LOGIN", "description": "User logged in.", "timestamp": "2025-07-18T11:05:06.886Z"}}, {"model": "core.activitylog", "pk": 12, "fields": {"user": 2, "action": "LOGOUT", "description": "User logged out.", "timestamp": "2025-07-18T11:12:32.374Z"}}, {"model": "core.activitylog", "pk": 13, "fields": {"user": 2, "action": "LOGIN", "description": "User logged in.", "timestamp": "2025-07-18T11:18:11.842Z"}}, {"model": "core.activitylog", "pk": 14, "fields": {"user": 2, "action": "LOGOUT", "description": "User logged out.", "timestamp": "2025-07-18T11:26:38.838Z"}}, {"model": "core.activitylog", "pk": 15, "fields": {"user": 2, "action": "LOGIN", "description": "User logged in.", "timestamp": "2025-07-18T11:28:27.021Z"}}, {"model": "core.activitylog", "pk": 16, "fields": {"user": 2, "action": "LOGOUT", "description": "User logged out.", "timestamp": "2025-07-18T11:29:25.380Z"}}, {"model": "core.activitylog", "pk": 17, "fields": {"user": 2, "action": "LOGIN", "description": "User logged in.", "timestamp": "2025-07-18T11:29:37.107Z"}}, {"model": "core.activitylog", "pk": 18, "fields": {"user": 2, "action": "LOGOUT", "description": "User logged out.", "timestamp": "2025-07-18T11:29:45.293Z"}}, {"model": "core.activitylog", "pk": 19, "fields": {"user": 1, "action": "LOGOUT", "description": "User logged out.", "timestamp": "2025-07-18T13:23:49.003Z"}}, {"model": "core.activitylog", "pk": 20, "fields": {"user": 1, "action": "LOGOUT", "description": "User logged out.", "timestamp": "2025-07-18T13:52:19.202Z"}}, {"model": "core.activitylog", "pk": 21, "fields": {"user": 3, "action": "LOGIN", "description": "User logged in.", "timestamp": "2025-07-18T13:52:40.238Z"}}, {"model": "core.activitylog", "pk": 22, "fields": {"user": 3, "action": "LOGOUT", "description": "User logged out.", "timestamp": "2025-07-18T13:53:55.039Z"}}, {"model": "core.activitylog", "pk": 23, "fields": {"user": 3, "action": "LOGIN", "description": "User logged in.", "timestamp": "2025-07-18T14:02:06.194Z"}}, {"model": "core.activitylog", "pk": 24, "fields": {"user": 3, "action": "LOGOUT", "description": "User logged out.", "timestamp": "2025-07-18T14:03:19.726Z"}}, {"model": "core.activitylog", "pk": 25, "fields": {"user": 3, "action": "LOGIN", "description": "User logged in.", "timestamp": "2025-07-18T14:03:27.868Z"}}, {"model": "core.activitylog", "pk": 26, "fields": {"user": 3, "action": "LOGOUT", "description": "User logged out.", "timestamp": "2025-07-18T14:09:42.190Z"}}, {"model": "core.activitylog", "pk": 27, "fields": {"user": 3, "action": "LOGIN", "description": "User logged in.", "timestamp": "2025-07-18T14:09:51.265Z"}}, {"model": "core.activitylog", "pk": 28, "fields": {"user": 3, "action": "LOGOUT", "description": "User logged out.", "timestamp": "2025-07-18T14:14:17.029Z"}}, {"model": "core.activitylog", "pk": 29, "fields": {"user": 3, "action": "LOGIN", "description": "User logged in.", "timestamp": "2025-07-18T14:15:28.513Z"}}, {"model": "core.activitylog", "pk": 30, "fields": {"user": 3, "action": "LOGOUT", "description": "User logged out.", "timestamp": "2025-07-18T14:26:25.911Z"}}, {"model": "core.activitylog", "pk": 31, "fields": {"user": 3, "action": "LOGIN", "description": "User logged in.", "timestamp": "2025-07-18T14:26:57.613Z"}}, {"model": "core.activitylog", "pk": 32, "fields": {"user": 3, "action": "LOGOUT", "description": "User logged out.", "timestamp": "2025-07-18T14:33:48.952Z"}}, {"model": "core.activitylog", "pk": 33, "fields": {"user": 3, "action": "LOGIN", "description": "User logged in.", "timestamp": "2025-07-18T14:34:50.801Z"}}, {"model": "core.activitylog", "pk": 34, "fields": {"user": 3, "action": "LOGOUT", "description": "User logged out.", "timestamp": "2025-07-18T14:36:14.959Z"}}, {"model": "core.activitylog", "pk": 35, "fields": {"user": 3, "action": "LOGIN", "description": "User logged in.", "timestamp": "2025-07-18T14:36:22.358Z"}}, {"model": "core.activitylog", "pk": 36, "fields": {"user": 3, "action": "LOGOUT", "description": "User logged out.", "timestamp": "2025-07-18T14:46:45.775Z"}}, {"model": "core.activitylog", "pk": 37, "fields": {"user": 3, "action": "LOGIN", "description": "User logged in.", "timestamp": "2025-07-18T14:47:52.086Z"}}, {"model": "core.activitylog", "pk": 38, "fields": {"user": 1, "action": "LOGOUT", "description": "User logged out.", "timestamp": "2025-07-18T14:50:35.979Z"}}, {"model": "core.activitylog", "pk": 39, "fields": {"user": 3, "action": "LOGIN", "description": "User logged in.", "timestamp": "2025-07-18T14:51:00.355Z"}}, {"model": "core.activitylog", "pk": 40, "fields": {"user": 3, "action": "LOGOUT", "description": "User logged out.", "timestamp": "2025-07-18T14:56:45.264Z"}}, {"model": "core.activitylog", "pk": 41, "fields": {"user": 3, "action": "LOGIN", "description": "User logged in.", "timestamp": "2025-07-18T14:56:57.683Z"}}, {"model": "core.activitylog", "pk": 42, "fields": {"user": 3, "action": "LOGOUT", "description": "User logged out.", "timestamp": "2025-07-18T15:13:21.610Z"}}, {"model": "core.activitylog", "pk": 43, "fields": {"user": 2, "action": "LOGIN", "description": "User logged in.", "timestamp": "2025-07-18T15:13:37.335Z"}}, {"model": "core.activitylog", "pk": 44, "fields": {"user": 2, "action": "LOGOUT", "description": "User logged out.", "timestamp": "2025-07-18T15:54:41.383Z"}}, {"model": "core.activitylog", "pk": 45, "fields": {"user": 3, "action": "LOGIN", "description": "User logged in.", "timestamp": "2025-07-18T15:55:02.447Z"}}, {"model": "core.activitylog", "pk": 46, "fields": {"user": 3, "action": "LOGOUT", "description": "User logged out.", "timestamp": "2025-07-18T16:25:46.805Z"}}, {"model": "core.activitylog", "pk": 47, "fields": {"user": 3, "action": "LOGIN", "description": "User logged in.", "timestamp": "2025-07-18T16:27:16.238Z"}}, {"model": "core.activitylog", "pk": 48, "fields": {"user": 3, "action": "LOGOUT", "description": "User logged out.", "timestamp": "2025-07-18T16:28:21.154Z"}}, {"model": "core.activitylog", "pk": 49, "fields": {"user": 3, "action": "LOGIN", "description": "User logged in.", "timestamp": "2025-07-18T16:28:32.737Z"}}, {"model": "core.activitylog", "pk": 50, "fields": {"user": 3, "action": "LOGOUT", "description": "User logged out.", "timestamp": "2025-07-18T16:30:20.187Z"}}, {"model": "core.activitylog", "pk": 51, "fields": {"user": 3, "action": "LOGIN", "description": "User logged in.", "timestamp": "2025-07-18T16:30:38.276Z"}}, {"model": "core.activitylog", "pk": 52, "fields": {"user": 3, "action": "LOGOUT", "description": "User logged out.", "timestamp": "2025-07-18T16:38:56.727Z"}}, {"model": "core.activitylog", "pk": 53, "fields": {"user": 3, "action": "LOGIN", "description": "User logged in.", "timestamp": "2025-07-18T16:39:04.794Z"}}, {"model": "core.activitylog", "pk": 54, "fields": {"user": 3, "action": "LOGOUT", "description": "User logged out.", "timestamp": "2025-07-18T16:44:09.353Z"}}, {"model": "core.activitylog", "pk": 55, "fields": {"user": 3, "action": "LOGIN", "description": "User logged in.", "timestamp": "2025-07-18T16:45:05.307Z"}}, {"model": "core.activitylog", "pk": 56, "fields": {"user": 3, "action": "LOGOUT", "description": "User logged out.", "timestamp": "2025-07-18T16:48:31.745Z"}}, {"model": "core.activitylog", "pk": 57, "fields": {"user": 3, "action": "LOGIN", "description": "User logged in.", "timestamp": "2025-07-18T16:49:02.754Z"}}, {"model": "core.activitylog", "pk": 58, "fields": {"user": 3, "action": "LOGOUT", "description": "User logged out.", "timestamp": "2025-07-18T16:50:36.469Z"}}, {"model": "core.activitylog", "pk": 59, "fields": {"user": 3, "action": "LOGIN", "description": "User logged in.", "timestamp": "2025-07-18T16:51:13.110Z"}}, {"model": "core.activitylog", "pk": 60, "fields": {"user": 3, "action": "LOGOUT", "description": "User logged out.", "timestamp": "2025-07-18T16:52:43.240Z"}}, {"model": "core.activitylog", "pk": 61, "fields": {"user": 3, "action": "LOGIN", "description": "User logged in.", "timestamp": "2025-07-18T16:53:22.034Z"}}, {"model": "core.activitylog", "pk": 62, "fields": {"user": 3, "action": "LOGOUT", "description": "User logged out.", "timestamp": "2025-07-18T16:59:31.835Z"}}, {"model": "core.activitylog", "pk": 63, "fields": {"user": 3, "action": "LOGIN", "description": "User logged in.", "timestamp": "2025-07-18T17:00:16.089Z"}}, {"model": "core.activitylog", "pk": 64, "fields": {"user": 3, "action": "LOGOUT", "description": "User logged out.", "timestamp": "2025-07-18T17:03:48.494Z"}}, {"model": "core.activitylog", "pk": 65, "fields": {"user": 1, "action": "LOGOUT", "description": "User logged out.", "timestamp": "2025-07-18T21:55:53.124Z"}}, {"model": "core.activitylog", "pk": 66, "fields": {"user": 3, "action": "LOGIN", "description": "User logged in.", "timestamp": "2025-07-18T21:57:35.198Z"}}, {"model": "core.activitylog", "pk": 67, "fields": {"user": 1, "action": "LOGOUT", "description": "User logged out.", "timestamp": "2025-07-18T22:08:11.690Z"}}, {"model": "core.activitylog", "pk": 68, "fields": {"user": 1, "action": "LOGOUT", "description": "User logged out.", "timestamp": "2025-07-18T22:16:00.366Z"}}, {"model": "core.activitylog", "pk": 69, "fields": {"user": 1, "action": "LOGOUT", "description": "User logged out.", "timestamp": "2025-07-18T22:42:14.176Z"}}, {"model": "core.activitylog", "pk": 70, "fields": {"user": 3, "action": "LOGIN", "description": "User logged in.", "timestamp": "2025-07-18T22:42:30.264Z"}}, {"model": "core.message", "pk": 1, "fields": {"sender": 2, "recipient": 3, "subject": "needs some drugs", "body": "testing my how this works. nothing serious", "is_read": true, "sent_at": "2025-07-18T14:49:26.495Z"}}, {"model": "admin.logentry", "pk": 1, "fields": {"action_time": "2025-07-18T10:49:02.850Z", "user": 1, "content_type": 17, "object_id": "2", "object_repr": "Ujunwa", "action_flag": 1, "change_message": "[{\"added\": {}}]"}}, {"model": "admin.logentry", "pk": 2, "fields": {"action_time": "2025-07-18T10:49:49.933Z", "user": 1, "content_type": 17, "object_id": "3", "object_repr": "NEDUM1", "action_flag": 1, "change_message": "[{\"added\": {}}]"}}, {"model": "admin.logentry", "pk": 3, "fields": {"action_time": "2025-07-18T11:34:46.030Z", "user": 1, "content_type": 11, "object_id": "1", "object_repr": "Header Settings", "action_flag": 1, "change_message": "[{\"added\": {}}]"}}, {"model": "admin.logentry", "pk": 4, "fields": {"action_time": "2025-07-18T11:40:28.110Z", "user": 1, "content_type": 5, "object_id": "1", "object_repr": "Cardiology", "action_flag": 1, "change_message": "[{\"added\": {}}]"}}, {"model": "admin.logentry", "pk": 5, "fields": {"action_time": "2025-07-18T11:41:07.079Z", "user": 1, "content_type": 9, "object_id": "1", "object_repr": "FFFF", "action_flag": 1, "change_message": "[{\"added\": {}}]"}}, {"model": "admin.logentry", "pk": 6, "fields": {"action_time": "2025-07-18T11:41:58.074Z", "user": 1, "content_type": 9, "object_id": "1", "object_repr": "FFFF", "action_flag": 3, "change_message": ""}}, {"model": "admin.logentry", "pk": 7, "fields": {"action_time": "2025-07-18T11:49:42.627Z", "user": 1, "content_type": 7, "object_id": "1", "object_repr": "Doctors Page Settings", "action_flag": 1, "change_message": "[{\"added\": {}}]"}}, {"model": "admin.logentry", "pk": 8, "fields": {"action_time": "2025-07-18T11:52:17.060Z", "user": 1, "content_type": 16, "object_id": "1", "object_repr": "Andrew Fletcher (Nevada, USA)", "action_flag": 1, "change_message": "[{\"added\": {}}]"}}, {"model": "admin.logentry", "pk": 9, "fields": {"action_time": "2025-07-18T11:55:10.115Z", "user": 1, "content_type": 16, "object_id": "2", "object_repr": "Beatrice Agu (Awka, Anambra.)", "action_flag": 1, "change_message": "[{\"added\": {}}]"}}, {"model": "admin.logentry", "pk": 10, "fields": {"action_time": "2025-07-18T11:56:45.119Z", "user": 1, "content_type": 16, "object_id": "3", "object_repr": "John Doe (Kumasi, Ghana)", "action_flag": 1, "change_message": "[{\"added\": {}}]"}}, {"model": "admin.logentry", "pk": 11, "fields": {"action_time": "2025-07-18T11:57:27.899Z", "user": 1, "content_type": 16, "object_id": "4", "object_repr": "Ebuka Anya (Ugwuoba, Enugu)", "action_flag": 1, "change_message": "[{\"added\": {}}]"}}, {"model": "admin.logentry", "pk": 12, "fields": {"action_time": "2025-07-18T12:03:52.705Z", "user": 1, "content_type": 11, "object_id": "1", "object_repr": "Header Settings", "action_flag": 2, "change_message": "[{\"changed\": {\"fields\": [\"Menu 2\", \"Menu 6\"]}}]"}}, {"model": "admin.logentry", "pk": 13, "fields": {"action_time": "2025-07-18T12:04:03.036Z", "user": 1, "content_type": 11, "object_id": "1", "object_repr": "Header Settings", "action_flag": 2, "change_message": "[{\"changed\": {\"fields\": [\"Menu 6\"]}}]"}}, {"model": "admin.logentry", "pk": 14, "fields": {"action_time": "2025-07-18T12:04:56.484Z", "user": 1, "content_type": 11, "object_id": "1", "object_repr": "Header Settings", "action_flag": 2, "change_message": "[{\"changed\": {\"fields\": [\"Menu 6\"]}}]"}}, {"model": "admin.logentry", "pk": 15, "fields": {"action_time": "2025-07-18T12:08:10.720Z", "user": 1, "content_type": 3, "object_id": "1", "object_repr": "Vaccination Facts Explain", "action_flag": 1, "change_message": "[{\"added\": {}}]"}}, {"model": "admin.logentry", "pk": 16, "fields": {"action_time": "2025-07-18T12:10:09.737Z", "user": 1, "content_type": 3, "object_id": "2", "object_repr": "Healthy Heart Habits", "action_flag": 1, "change_message": "[{\"added\": {}}]"}}, {"model": "admin.logentry", "pk": 17, "fields": {"action_time": "2025-07-18T12:11:24.662Z", "user": 1, "content_type": 3, "object_id": "3", "object_repr": "Laboratory Lab Test", "action_flag": 1, "change_message": "[{\"added\": {}}]"}}, {"model": "admin.logentry", "pk": 18, "fields": {"action_time": "2025-07-18T12:13:48.064Z", "user": 1, "content_type": 3, "object_id": "4", "object_repr": "More Vaccination Facts Explain", "action_flag": 1, "change_message": "[{\"added\": {}}]"}}, {"model": "admin.logentry", "pk": 19, "fields": {"action_time": "2025-07-18T12:14:50.016Z", "user": 1, "content_type": 3, "object_id": "5", "object_repr": "Mental Health Awareness", "action_flag": 1, "change_message": "[{\"added\": {}}]"}}, {"model": "admin.logentry", "pk": 20, "fields": {"action_time": "2025-07-18T12:15:53.251Z", "user": 1, "content_type": 3, "object_id": "6", "object_repr": "Preparation Surgery", "action_flag": 1, "change_message": "[{\"added\": {}}]"}}, {"model": "admin.logentry", "pk": 21, "fields": {"action_time": "2025-07-18T12:17:18.120Z", "user": 1, "content_type": 3, "object_id": "7", "object_repr": "Boasting Immunity Naturally", "action_flag": 1, "change_message": "[{\"added\": {}}]"}}, {"model": "admin.logentry", "pk": 22, "fields": {"action_time": "2025-07-18T12:18:36.142Z", "user": 1, "content_type": 3, "object_id": "8", "object_repr": "Post-surgery Care Tips", "action_flag": 1, "change_message": "[{\"added\": {}}]"}}, {"model": "admin.logentry", "pk": 23, "fields": {"action_time": "2025-07-18T12:19:46.856Z", "user": 1, "content_type": 3, "object_id": "9", "object_repr": "Benefits of Annual Checkups", "action_flag": 1, "change_message": "[{\"added\": {}}]"}}, {"model": "admin.logentry", "pk": 24, "fields": {"action_time": "2025-07-18T12:39:05.626Z", "user": 1, "content_type": 6, "object_id": "1", "object_repr": "Doctor Call To Action Section", "action_flag": 1, "change_message": "[{\"added\": {}}]"}}, {"model": "admin.logentry", "pk": 25, "fields": {"action_time": "2025-07-18T12:40:24.052Z", "user": 1, "content_type": 10, "object_id": "1", "object_repr": "Footer Settings", "action_flag": 1, "change_message": "[{\"added\": {}}]"}}, {"model": "admin.logentry", "pk": 26, "fields": {"action_time": "2025-07-18T12:44:27.945Z", "user": 1, "content_type": 8, "object_id": "1", "object_repr": "Health issue", "action_flag": 1, "change_message": "[{\"added\": {}}]"}}, {"model": "admin.logentry", "pk": 27, "fields": {"action_time": "2025-07-18T12:47:41.037Z", "user": 1, "content_type": 8, "object_id": "1", "object_repr": "Health issue", "action_flag": 2, "change_message": "[]"}}, {"model": "admin.logentry", "pk": 28, "fields": {"action_time": "2025-07-18T13:00:33.275Z", "user": 1, "content_type": 10, "object_id": "1", "object_repr": "Footer Settings", "action_flag": 2, "change_message": "[]"}}, {"model": "admin.logentry", "pk": 29, "fields": {"action_time": "2025-07-18T13:06:02.008Z", "user": 1, "content_type": 1, "object_id": "1", "object_repr": "Accessible & Reliable Healthcare Simplified", "action_flag": 1, "change_message": "[{\"added\": {}}]"}}, {"model": "admin.logentry", "pk": 30, "fields": {"action_time": "2025-07-18T13:09:50.787Z", "user": 1, "content_type": 9, "object_id": "2", "object_repr": "Dr. Michael Thompson", "action_flag": 1, "change_message": "[{\"added\": {}}]"}}, {"model": "admin.logentry", "pk": 31, "fields": {"action_time": "2025-07-18T13:11:22.792Z", "user": 1, "content_type": 9, "object_id": "3", "object_repr": "Dr. Sarah Johnson", "action_flag": 1, "change_message": "[{\"added\": {}}]"}}, {"model": "admin.logentry", "pk": 32, "fields": {"action_time": "2025-07-18T13:12:16.382Z", "user": 1, "content_type": 9, "object_id": "4", "object_repr": "Dr. Alvan Davis", "action_flag": 1, "change_message": "[{\"added\": {}}]"}}, {"model": "admin.logentry", "pk": 33, "fields": {"action_time": "2025-07-18T13:14:19.140Z", "user": 1, "content_type": 9, "object_id": "5", "object_repr": "Dr. Patricia Brown", "action_flag": 1, "change_message": "[{\"added\": {}}]"}}, {"model": "admin.logentry", "pk": 34, "fields": {"action_time": "2025-07-18T13:22:01.959Z", "user": 1, "content_type": 18, "object_id": "1", "object_repr": "Dr. Maya Collins", "action_flag": 1, "change_message": "[{\"added\": {}}]"}}, {"model": "admin.logentry", "pk": 35, "fields": {"action_time": "2025-07-18T13:22:28.763Z", "user": 1, "content_type": 18, "object_id": "2", "object_repr": "Dr. Michael Thompson", "action_flag": 1, "change_message": "[{\"added\": {}}]"}}, {"model": "admin.logentry", "pk": 36, "fields": {"action_time": "2025-07-18T13:23:24.016Z", "user": 1, "content_type": 5, "object_id": "2", "object_repr": "Orthopedic Surgeon", "action_flag": 1, "change_message": "[{\"added\": {}}]"}}, {"model": "admin.logentry", "pk": 37, "fields": {"action_time": "2025-07-18T13:23:28.891Z", "user": 1, "content_type": 18, "object_id": "3", "object_repr": "Dr. Sarah Johnson", "action_flag": 1, "change_message": "[{\"added\": {}}]"}}, {"model": "admin.logentry", "pk": 38, "fields": {"action_time": "2025-07-18T13:28:50.309Z", "user": 1, "content_type": 5, "object_id": "3", "object_repr": "Endocrinologist", "action_flag": 1, "change_message": "[{\"added\": {}}]"}}, {"model": "admin.logentry", "pk": 39, "fields": {"action_time": "2025-07-18T13:28:53.030Z", "user": 1, "content_type": 18, "object_id": "4", "object_repr": "Dr. Alvan Davis", "action_flag": 1, "change_message": "[{\"added\": {}}]"}}, {"model": "admin.logentry", "pk": 40, "fields": {"action_time": "2025-07-18T13:33:06.467Z", "user": 1, "content_type": 5, "object_id": "4", "object_repr": "Pediatrician", "action_flag": 1, "change_message": "[{\"added\": {}}]"}}, {"model": "admin.logentry", "pk": 41, "fields": {"action_time": "2025-07-18T13:33:08.772Z", "user": 1, "content_type": 18, "object_id": "5", "object_repr": "Dr. Emily Carter", "action_flag": 1, "change_message": "[{\"added\": {}}]"}}, {"model": "admin.logentry", "pk": 42, "fields": {"action_time": "2025-07-18T14:49:26.498Z", "user": 1, "content_type": 31, "object_id": "1", "object_repr": "Message from Ujunwa to NEDUM1", "action_flag": 1, "change_message": "[{\"added\": {}}]"}}, {"model": "admin.logentry", "pk": 43, "fields": {"action_time": "2025-07-18T14:50:29.701Z", "user": 1, "content_type": 31, "object_id": "1", "object_repr": "Message from Ujunwa to NEDUM1", "action_flag": 2, "change_message": "[{\"changed\": {\"fields\": [\"Is read\"]}}]"}}, {"model": "admin.logentry", "pk": 44, "fields": {"action_time": "2025-07-18T17:11:09.749Z", "user": 1, "content_type": 9, "object_id": "6", "object_repr": "Dr. Kenny Clark", "action_flag": 1, "change_message": "[{\"added\": {}}]"}}, {"model": "admin.logentry", "pk": 45, "fields": {"action_time": "2025-07-18T17:14:19.282Z", "user": 1, "content_type": 9, "object_id": "7", "object_repr": "Dr. Matina Lisa", "action_flag": 1, "change_message": "[{\"added\": {}}]"}}, {"model": "admin.logentry", "pk": 46, "fields": {"action_time": "2025-07-18T17:15:46.608Z", "user": 1, "content_type": 9, "object_id": "8", "object_repr": "Dr. John Smith", "action_flag": 1, "change_message": "[{\"added\": {}}]"}}, {"model": "admin.logentry", "pk": 47, "fields": {"action_time": "2025-07-18T17:17:24.507Z", "user": 1, "content_type": 9, "object_id": "9", "object_repr": "Dr. Rachel Green", "action_flag": 1, "change_message": "[{\"added\": {}}]"}}, {"model": "admin.logentry", "pk": 48, "fields": {"action_time": "2025-07-18T17:18:36.923Z", "user": 1, "content_type": 9, "object_id": "10", "object_repr": "Dr. Oliver King", "action_flag": 1, "change_message": "[{\"added\": {}}]"}}, {"model": "admin.logentry", "pk": 49, "fields": {"action_time": "2025-07-18T17:19:40.571Z", "user": 1, "content_type": 9, "object_id": "11", "object_repr": "Dr. David Lee", "action_flag": 1, "change_message": "[{\"added\": {}}]"}}, {"model": "admin.logentry", "pk": 50, "fields": {"action_time": "2025-07-18T17:23:32.246Z", "user": 1, "content_type": 9, "object_id": "12", "object_repr": "Dr. Maya Collins", "action_flag": 1, "change_message": "[{\"added\": {}}]"}}, {"model": "admin.logentry", "pk": 51, "fields": {"action_time": "2025-07-18T17:24:50.505Z", "user": 1, "content_type": 9, "object_id": "13", "object_repr": "Dr. Nedu Arize", "action_flag": 1, "change_message": "[{\"added\": {}}]"}}, {"model": "admin.logentry", "pk": 52, "fields": {"action_time": "2025-07-18T17:27:47.185Z", "user": 1, "content_type": 5, "object_id": "5", "object_repr": "ggg", "action_flag": 1, "change_message": "[{\"added\": {}}]"}}, {"model": "admin.logentry", "pk": 53, "fields": {"action_time": "2025-07-18T17:29:02.636Z", "user": 1, "content_type": 5, "object_id": "5", "object_repr": "Dermatologist", "action_flag": 2, "change_message": "[{\"changed\": {\"fields\": [\"Name\", \"Image\"]}}]"}}, {"model": "admin.logentry", "pk": 54, "fields": {"action_time": "2025-07-18T17:29:50.299Z", "user": 1, "content_type": 5, "object_id": "6", "object_repr": "Radiology", "action_flag": 1, "change_message": "[{\"added\": {}}]"}}, {"model": "admin.logentry", "pk": 55, "fields": {"action_time": "2025-07-18T17:30:26.496Z", "user": 1, "content_type": 5, "object_id": "7", "object_repr": "Neonatologist", "action_flag": 1, "change_message": "[{\"added\": {}}]"}}, {"model": "admin.logentry", "pk": 56, "fields": {"action_time": "2025-07-18T17:30:59.218Z", "user": 1, "content_type": 5, "object_id": "7", "object_repr": "Neonatologist", "action_flag": 2, "change_message": "[{\"changed\": {\"fields\": [\"Image\"]}}]"}}, {"model": "admin.logentry", "pk": 57, "fields": {"action_time": "2025-07-18T17:31:51.977Z", "user": 1, "content_type": 5, "object_id": "8", "object_repr": "Psychiatrist", "action_flag": 1, "change_message": "[{\"added\": {}}]"}}, {"model": "admin.logentry", "pk": 58, "fields": {"action_time": "2025-07-18T17:37:35.728Z", "user": 1, "content_type": 5, "object_id": "9", "object_repr": "Neurosurgeon", "action_flag": 1, "change_message": "[{\"added\": {}}]"}}, {"model": "admin.logentry", "pk": 59, "fields": {"action_time": "2025-07-18T17:38:19.439Z", "user": 1, "content_type": 5, "object_id": "10", "object_repr": "Rheumatologist", "action_flag": 1, "change_message": "[{\"added\": {}}]"}}, {"model": "admin.logentry", "pk": 60, "fields": {"action_time": "2025-07-18T17:38:50.481Z", "user": 1, "content_type": 5, "object_id": "11", "object_repr": "Gastroenterologist", "action_flag": 1, "change_message": "[{\"added\": {}}]"}}, {"model": "admin.logentry", "pk": 61, "fields": {"action_time": "2025-07-18T17:39:36.931Z", "user": 1, "content_type": 5, "object_id": "12", "object_repr": "Geriatrician", "action_flag": 1, "change_message": "[{\"added\": {}}]"}}, {"model": "admin.logentry", "pk": 62, "fields": {"action_time": "2025-07-18T17:39:46.380Z", "user": 1, "content_type": 5, "object_id": "12", "object_repr": "Geriatrician", "action_flag": 2, "change_message": "[{\"changed\": {\"fields\": [\"Image\"]}}]"}}, {"model": "admin.logentry", "pk": 63, "fields": {"action_time": "2025-07-18T17:40:17.519Z", "user": 1, "content_type": 5, "object_id": "13", "object_repr": "Otolarygologist", "action_flag": 1, "change_message": "[{\"added\": {}}]"}}, {"model": "admin.logentry", "pk": 64, "fields": {"action_time": "2025-07-18T17:40:53.133Z", "user": 1, "content_type": 5, "object_id": "14", "object_repr": "oncologist", "action_flag": 1, "change_message": "[{\"added\": {}}]"}}, {"model": "admin.logentry", "pk": 65, "fields": {"action_time": "2025-07-18T17:41:17.482Z", "user": 1, "content_type": 5, "object_id": "15", "object_repr": "Endocrinologist", "action_flag": 1, "change_message": "[{\"added\": {}}]"}}, {"model": "admin.logentry", "pk": 66, "fields": {"action_time": "2025-07-18T17:41:37.661Z", "user": 1, "content_type": 5, "object_id": "16", "object_repr": "Pulmonologist", "action_flag": 1, "change_message": "[{\"added\": {}}]"}}, {"model": "admin.logentry", "pk": 67, "fields": {"action_time": "2025-07-18T17:42:29.651Z", "user": 1, "content_type": 5, "object_id": "17", "object_repr": "Neurologist", "action_flag": 1, "change_message": "[{\"added\": {}}]"}}, {"model": "admin.logentry", "pk": 68, "fields": {"action_time": "2025-07-18T17:43:06.205Z", "user": 1, "content_type": 5, "object_id": "18", "object_repr": "Gynecology", "action_flag": 1, "change_message": "[{\"added\": {}}]"}}, {"model": "admin.logentry", "pk": 69, "fields": {"action_time": "2025-07-18T17:43:57.118Z", "user": 1, "content_type": 5, "object_id": "19", "object_repr": "Pediatrics", "action_flag": 1, "change_message": "[{\"added\": {}}]"}}, {"model": "admin.logentry", "pk": 70, "fields": {"action_time": "2025-07-18T17:45:00.770Z", "user": 1, "content_type": 5, "object_id": "20", "object_repr": "Radiologist", "action_flag": 1, "change_message": "[{\"added\": {}}]"}}, {"model": "admin.logentry", "pk": 71, "fields": {"action_time": "2025-07-18T17:46:25.715Z", "user": 1, "content_type": 5, "object_id": "21", "object_repr": "Dentist", "action_flag": 1, "change_message": "[{\"added\": {}}]"}}, {"model": "admin.logentry", "pk": 72, "fields": {"action_time": "2025-07-18T17:49:15.006Z", "user": 1, "content_type": 20, "object_id": "1", "object_repr": "Andrew Fletcher (Secondi, Ghana)", "action_flag": 1, "change_message": "[{\"added\": {}}]"}}, {"model": "admin.logentry", "pk": 73, "fields": {"action_time": "2025-07-18T17:50:57.365Z", "user": 1, "content_type": 20, "object_id": "2", "object_repr": "Karen Odoi (California, USA)", "action_flag": 1, "change_message": "[{\"added\": {}}]"}}, {"model": "admin.logentry", "pk": 74, "fields": {"action_time": "2025-07-18T17:53:17.646Z", "user": 1, "content_type": 20, "object_id": "3", "object_repr": "Daniel Bright (Seattle, USA)", "action_flag": 1, "change_message": "[{\"added\": {}}]"}}, {"model": "admin.logentry", "pk": 75, "fields": {"action_time": "2025-07-18T17:56:02.602Z", "user": 1, "content_type": 20, "object_id": "4", "object_repr": "Mary Yeates (Miami, USA)", "action_flag": 1, "change_message": "[{\"added\": {}}]"}}, {"model": "admin.logentry", "pk": 76, "fields": {"action_time": "2025-07-18T17:58:09.259Z", "user": 1, "content_type": 20, "object_id": "5", "object_repr": "Christopher Rosado (Seattle, USA)", "action_flag": 1, "change_message": "[{\"added\": {}}]"}}, {"model": "admin.logentry", "pk": 77, "fields": {"action_time": "2025-07-18T18:04:59.700Z", "user": 1, "content_type": 20, "object_id": "6", "object_repr": "Ken Henrick (Eziachi, Ugwuoba)", "action_flag": 1, "change_message": "[{\"added\": {}}]"}}, {"model": "admin.logentry", "pk": 78, "fields": {"action_time": "2025-07-18T18:09:57.126Z", "user": 1, "content_type": 15, "object_id": "1", "object_repr": "Cardiology", "action_flag": 1, "change_message": "[{\"added\": {}}]"}}, {"model": "admin.logentry", "pk": 79, "fields": {"action_time": "2025-07-18T18:12:45.231Z", "user": 1, "content_type": 15, "object_id": "2", "object_repr": "Dental Care", "action_flag": 1, "change_message": "[{\"added\": {}}]"}}, {"model": "admin.logentry", "pk": 80, "fields": {"action_time": "2025-07-18T18:13:38.673Z", "user": 1, "content_type": 15, "object_id": "3", "object_repr": "Neurology", "action_flag": 1, "change_message": "[{\"added\": {}}]"}}, {"model": "admin.logentry", "pk": 81, "fields": {"action_time": "2025-07-18T18:14:10.750Z", "user": 1, "content_type": 15, "object_id": "4", "object_repr": "Gynecology", "action_flag": 1, "change_message": "[{\"added\": {}}]"}}, {"model": "admin.logentry", "pk": 82, "fields": {"action_time": "2025-07-18T18:14:41.895Z", "user": 1, "content_type": 15, "object_id": "5", "object_repr": "Oncology", "action_flag": 1, "change_message": "[{\"added\": {}}]"}}, {"model": "admin.logentry", "pk": 83, "fields": {"action_time": "2025-07-18T18:15:25.364Z", "user": 1, "content_type": 15, "object_id": "6", "object_repr": "Urology", "action_flag": 1, "change_message": "[{\"added\": {}}]"}}, {"model": "admin.logentry", "pk": 84, "fields": {"action_time": "2025-07-18T18:18:56.955Z", "user": 1, "content_type": 12, "object_id": "1", "object_repr": "10000 +", "action_flag": 1, "change_message": "[{\"added\": {}}]"}}, {"model": "admin.logentry", "pk": 85, "fields": {"action_time": "2025-07-18T18:24:09.362Z", "user": 1, "content_type": 12, "object_id": "2", "object_repr": "8954 +", "action_flag": 1, "change_message": "[{\"added\": {}}]"}}, {"model": "admin.logentry", "pk": 86, "fields": {"action_time": "2025-07-18T18:24:48.897Z", "user": 1, "content_type": 12, "object_id": "3", "object_repr": "1000 +", "action_flag": 1, "change_message": "[{\"added\": {}}]"}}, {"model": "admin.logentry", "pk": 87, "fields": {"action_time": "2025-07-18T18:27:24.571Z", "user": 1, "content_type": 12, "object_id": "4", "object_repr": "9658 +", "action_flag": 1, "change_message": "[{\"added\": {}}]"}}, {"model": "admin.logentry", "pk": 88, "fields": {"action_time": "2025-07-18T18:38:46.487Z", "user": 1, "content_type": 13, "object_id": "1", "object_repr": "ggg", "action_flag": 1, "change_message": "[{\"added\": {}}]"}}, {"model": "admin.logentry", "pk": 89, "fields": {"action_time": "2025-07-18T18:43:08.387Z", "user": 1, "content_type": 13, "object_id": "1", "object_repr": "General Medicine", "action_flag": 2, "change_message": "[{\"changed\": {\"fields\": [\"Title\", \"Subtitle\", \"Image\", \"Paragraph\"]}}]"}}, {"model": "admin.logentry", "pk": 90, "fields": {"action_time": "2025-07-18T18:44:14.540Z", "user": 1, "content_type": 13, "object_id": "1", "object_repr": "General Medicine", "action_flag": 2, "change_message": "[{\"changed\": {\"fields\": [\"Subtitle\", \"Paragraph\"]}}]"}}, {"model": "admin.logentry", "pk": 91, "fields": {"action_time": "2025-07-18T18:47:18.722Z", "user": 1, "content_type": 13, "object_id": "2", "object_repr": "Surgery", "action_flag": 1, "change_message": "[{\"added\": {}}]"}}, {"model": "admin.logentry", "pk": 92, "fields": {"action_time": "2025-07-18T18:49:36.205Z", "user": 1, "content_type": 13, "object_id": "3", "object_repr": "Laboratory Services", "action_flag": 1, "change_message": "[{\"added\": {}}]"}}, {"model": "admin.logentry", "pk": 93, "fields": {"action_time": "2025-07-18T18:51:55.488Z", "user": 1, "content_type": 13, "object_id": "4", "object_repr": "Pediatrics", "action_flag": 1, "change_message": "[{\"added\": {}}]"}}, {"model": "admin.logentry", "pk": 94, "fields": {"action_time": "2025-07-18T18:54:12.159Z", "user": 1, "content_type": 2, "object_id": "1", "object_repr": "f", "action_flag": 1, "change_message": "[{\"added\": {}}]"}}, {"model": "admin.logentry", "pk": 95, "fields": {"action_time": "2025-07-18T18:57:10.842Z", "user": 1, "content_type": 2, "object_id": "1", "object_repr": "Health care", "action_flag": 2, "change_message": "[{\"changed\": {\"fields\": [\"Title\", \"Category\", \"Excerpt\"]}}]"}}, {"model": "admin.logentry", "pk": 96, "fields": {"action_time": "2025-07-18T18:58:18.095Z", "user": 1, "content_type": 2, "object_id": "1", "object_repr": "Health Issue", "action_flag": 2, "change_message": "[{\"changed\": {\"fields\": [\"Title\"]}}]"}}, {"model": "admin.logentry", "pk": 97, "fields": {"action_time": "2025-07-18T19:00:08.847Z", "user": 1, "content_type": 2, "object_id": "2", "object_repr": "Regular checkup", "action_flag": 1, "change_message": "[{\"added\": {}}]"}}, {"model": "admin.logentry", "pk": 98, "fields": {"action_time": "2025-07-18T19:02:01.957Z", "user": 1, "content_type": 2, "object_id": "3", "object_repr": "Diet tips", "action_flag": 1, "change_message": "[{\"added\": {}}]"}}, {"model": "admin.logentry", "pk": 99, "fields": {"action_time": "2025-07-18T19:02:22.191Z", "user": 1, "content_type": 2, "object_id": "1", "object_repr": "Health Issue", "action_flag": 2, "change_message": "[{\"changed\": {\"fields\": [\"Image\"]}}]"}}, {"model": "admin.logentry", "pk": 100, "fields": {"action_time": "2025-07-18T22:12:50.946Z", "user": 1, "content_type": 5, "object_id": "22", "object_repr": "Psychiatrist", "action_flag": 1, "change_message": "[{\"added\": {}}]"}}, {"model": "auth.permission", "pk": 1, "fields": {"name": "Can add about section", "content_type": 1, "codename": "add_aboutsection"}}, {"model": "auth.permission", "pk": 2, "fields": {"name": "Can change about section", "content_type": 1, "codename": "change_aboutsection"}}, {"model": "auth.permission", "pk": 3, "fields": {"name": "Can delete about section", "content_type": 1, "codename": "delete_aboutsection"}}, {"model": "auth.permission", "pk": 4, "fields": {"name": "Can view about section", "content_type": 1, "codename": "view_aboutsection"}}, {"model": "auth.permission", "pk": 5, "fields": {"name": "Can add article", "content_type": 2, "codename": "add_article"}}, {"model": "auth.permission", "pk": 6, "fields": {"name": "Can change article", "content_type": 2, "codename": "change_article"}}, {"model": "auth.permission", "pk": 7, "fields": {"name": "Can delete article", "content_type": 2, "codename": "delete_article"}}, {"model": "auth.permission", "pk": 8, "fields": {"name": "Can view article", "content_type": 2, "codename": "view_article"}}, {"model": "auth.permission", "pk": 9, "fields": {"name": "Can add blog", "content_type": 3, "codename": "add_blog"}}, {"model": "auth.permission", "pk": 10, "fields": {"name": "Can change blog", "content_type": 3, "codename": "change_blog"}}, {"model": "auth.permission", "pk": 11, "fields": {"name": "Can delete blog", "content_type": 3, "codename": "delete_blog"}}, {"model": "auth.permission", "pk": 12, "fields": {"name": "Can view blog", "content_type": 3, "codename": "view_blog"}}, {"model": "auth.permission", "pk": 13, "fields": {"name": "Can add category", "content_type": 4, "codename": "add_category"}}, {"model": "auth.permission", "pk": 14, "fields": {"name": "Can change category", "content_type": 4, "codename": "change_category"}}, {"model": "auth.permission", "pk": 15, "fields": {"name": "Can delete category", "content_type": 4, "codename": "delete_category"}}, {"model": "auth.permission", "pk": 16, "fields": {"name": "Can view category", "content_type": 4, "codename": "view_category"}}, {"model": "auth.permission", "pk": 17, "fields": {"name": "Can add department", "content_type": 5, "codename": "add_department"}}, {"model": "auth.permission", "pk": 18, "fields": {"name": "Can change department", "content_type": 5, "codename": "change_department"}}, {"model": "auth.permission", "pk": 19, "fields": {"name": "Can delete department", "content_type": 5, "codename": "delete_department"}}, {"model": "auth.permission", "pk": 20, "fields": {"name": "Can view department", "content_type": 5, "codename": "view_department"}}, {"model": "auth.permission", "pk": 21, "fields": {"name": "Can add doctor cta", "content_type": 6, "codename": "add_doctorcta"}}, {"model": "auth.permission", "pk": 22, "fields": {"name": "Can change doctor cta", "content_type": 6, "codename": "change_doctorcta"}}, {"model": "auth.permission", "pk": 23, "fields": {"name": "Can delete doctor cta", "content_type": 6, "codename": "delete_doctorcta"}}, {"model": "auth.permission", "pk": 24, "fields": {"name": "Can view doctor cta", "content_type": 6, "codename": "view_doctorcta"}}, {"model": "auth.permission", "pk": 25, "fields": {"name": "Can add doctors page settings", "content_type": 7, "codename": "add_doctorspagesettings"}}, {"model": "auth.permission", "pk": 26, "fields": {"name": "Can change doctors page settings", "content_type": 7, "codename": "change_doctorspagesettings"}}, {"model": "auth.permission", "pk": 27, "fields": {"name": "Can delete doctors page settings", "content_type": 7, "codename": "delete_doctorspagesettings"}}, {"model": "auth.permission", "pk": 28, "fields": {"name": "Can view doctors page settings", "content_type": 7, "codename": "view_doctorspagesettings"}}, {"model": "auth.permission", "pk": 29, "fields": {"name": "Can add featured blog", "content_type": 8, "codename": "add_featuredblog"}}, {"model": "auth.permission", "pk": 30, "fields": {"name": "Can change featured blog", "content_type": 8, "codename": "change_featuredblog"}}, {"model": "auth.permission", "pk": 31, "fields": {"name": "Can delete featured blog", "content_type": 8, "codename": "delete_featuredblog"}}, {"model": "auth.permission", "pk": 32, "fields": {"name": "Can view featured blog", "content_type": 8, "codename": "view_featuredblog"}}, {"model": "auth.permission", "pk": 33, "fields": {"name": "Can add featured doctor", "content_type": 9, "codename": "add_featureddoctor"}}, {"model": "auth.permission", "pk": 34, "fields": {"name": "Can change featured doctor", "content_type": 9, "codename": "change_featureddoctor"}}, {"model": "auth.permission", "pk": 35, "fields": {"name": "Can delete featured doctor", "content_type": 9, "codename": "delete_featureddoctor"}}, {"model": "auth.permission", "pk": 36, "fields": {"name": "Can view featured doctor", "content_type": 9, "codename": "view_featureddoctor"}}, {"model": "auth.permission", "pk": 37, "fields": {"name": "Can add footer settings", "content_type": 10, "codename": "add_footersettings"}}, {"model": "auth.permission", "pk": 38, "fields": {"name": "Can change footer settings", "content_type": 10, "codename": "change_footersettings"}}, {"model": "auth.permission", "pk": 39, "fields": {"name": "Can delete footer settings", "content_type": 10, "codename": "delete_footersettings"}}, {"model": "auth.permission", "pk": 40, "fields": {"name": "Can view footer settings", "content_type": 10, "codename": "view_footersettings"}}, {"model": "auth.permission", "pk": 41, "fields": {"name": "Can add header settings", "content_type": 11, "codename": "add_headersettings"}}, {"model": "auth.permission", "pk": 42, "fields": {"name": "Can change header settings", "content_type": 11, "codename": "change_headersettings"}}, {"model": "auth.permission", "pk": 43, "fields": {"name": "Can delete header settings", "content_type": 11, "codename": "delete_headersettings"}}, {"model": "auth.permission", "pk": 44, "fields": {"name": "Can view header settings", "content_type": 11, "codename": "view_headersettings"}}, {"model": "auth.permission", "pk": 45, "fields": {"name": "Can add highlight item", "content_type": 12, "codename": "add_highlightitem"}}, {"model": "auth.permission", "pk": 46, "fields": {"name": "Can change highlight item", "content_type": 12, "codename": "change_highlightitem"}}, {"model": "auth.permission", "pk": 47, "fields": {"name": "Can delete highlight item", "content_type": 12, "codename": "delete_highlightitem"}}, {"model": "auth.permission", "pk": 48, "fields": {"name": "Can view highlight item", "content_type": 12, "codename": "view_highlightitem"}}, {"model": "auth.permission", "pk": 49, "fields": {"name": "Can add info card", "content_type": 13, "codename": "add_infocard"}}, {"model": "auth.permission", "pk": 50, "fields": {"name": "Can change info card", "content_type": 13, "codename": "change_infocard"}}, {"model": "auth.permission", "pk": 51, "fields": {"name": "Can delete info card", "content_type": 13, "codename": "delete_infocard"}}, {"model": "auth.permission", "pk": 52, "fields": {"name": "Can view info card", "content_type": 13, "codename": "view_infocard"}}, {"model": "auth.permission", "pk": 53, "fields": {"name": "Can add service", "content_type": 14, "codename": "add_service"}}, {"model": "auth.permission", "pk": 54, "fields": {"name": "Can change service", "content_type": 14, "codename": "change_service"}}, {"model": "auth.permission", "pk": 55, "fields": {"name": "Can delete service", "content_type": 14, "codename": "delete_service"}}, {"model": "auth.permission", "pk": 56, "fields": {"name": "Can view service", "content_type": 14, "codename": "view_service"}}, {"model": "auth.permission", "pk": 57, "fields": {"name": "Can add specialty", "content_type": 15, "codename": "add_specialty"}}, {"model": "auth.permission", "pk": 58, "fields": {"name": "Can change specialty", "content_type": 15, "codename": "change_specialty"}}, {"model": "auth.permission", "pk": 59, "fields": {"name": "Can delete specialty", "content_type": 15, "codename": "delete_specialty"}}, {"model": "auth.permission", "pk": 60, "fields": {"name": "Can view specialty", "content_type": 15, "codename": "view_specialty"}}, {"model": "auth.permission", "pk": 61, "fields": {"name": "Can add user review", "content_type": 16, "codename": "add_userreview"}}, {"model": "auth.permission", "pk": 62, "fields": {"name": "Can change user review", "content_type": 16, "codename": "change_userreview"}}, {"model": "auth.permission", "pk": 63, "fields": {"name": "Can delete user review", "content_type": 16, "codename": "delete_userreview"}}, {"model": "auth.permission", "pk": 64, "fields": {"name": "Can view user review", "content_type": 16, "codename": "view_userreview"}}, {"model": "auth.permission", "pk": 65, "fields": {"name": "Can add user", "content_type": 17, "codename": "add_user"}}, {"model": "auth.permission", "pk": 66, "fields": {"name": "Can change user", "content_type": 17, "codename": "change_user"}}, {"model": "auth.permission", "pk": 67, "fields": {"name": "Can delete user", "content_type": 17, "codename": "delete_user"}}, {"model": "auth.permission", "pk": 68, "fields": {"name": "Can view user", "content_type": 17, "codename": "view_user"}}, {"model": "auth.permission", "pk": 69, "fields": {"name": "Can add doctor", "content_type": 18, "codename": "add_doctor"}}, {"model": "auth.permission", "pk": 70, "fields": {"name": "Can change doctor", "content_type": 18, "codename": "change_doctor"}}, {"model": "auth.permission", "pk": 71, "fields": {"name": "Can delete doctor", "content_type": 18, "codename": "delete_doctor"}}, {"model": "auth.permission", "pk": 72, "fields": {"name": "Can view doctor", "content_type": 18, "codename": "view_doctor"}}, {"model": "auth.permission", "pk": 73, "fields": {"name": "Can add appointment", "content_type": 19, "codename": "add_appointment"}}, {"model": "auth.permission", "pk": 74, "fields": {"name": "Can change appointment", "content_type": 19, "codename": "change_appointment"}}, {"model": "auth.permission", "pk": 75, "fields": {"name": "Can delete appointment", "content_type": 19, "codename": "delete_appointment"}}, {"model": "auth.permission", "pk": 76, "fields": {"name": "Can view appointment", "content_type": 19, "codename": "view_appointment"}}, {"model": "auth.permission", "pk": 77, "fields": {"name": "Can add testimonial", "content_type": 20, "codename": "add_testimonial"}}, {"model": "auth.permission", "pk": 78, "fields": {"name": "Can change testimonial", "content_type": 20, "codename": "change_testimonial"}}, {"model": "auth.permission", "pk": 79, "fields": {"name": "Can delete testimonial", "content_type": 20, "codename": "delete_testimonial"}}, {"model": "auth.permission", "pk": 80, "fields": {"name": "Can view testimonial", "content_type": 20, "codename": "view_testimonial"}}, {"model": "auth.permission", "pk": 81, "fields": {"name": "Can add contact info", "content_type": 21, "codename": "add_contactinfo"}}, {"model": "auth.permission", "pk": 82, "fields": {"name": "Can change contact info", "content_type": 21, "codename": "change_contactinfo"}}, {"model": "auth.permission", "pk": 83, "fields": {"name": "Can delete contact info", "content_type": 21, "codename": "delete_contactinfo"}}, {"model": "auth.permission", "pk": 84, "fields": {"name": "Can view contact info", "content_type": 21, "codename": "view_contactinfo"}}, {"model": "auth.permission", "pk": 85, "fields": {"name": "Can add enquiry", "content_type": 22, "codename": "add_enquiry"}}, {"model": "auth.permission", "pk": 86, "fields": {"name": "Can change enquiry", "content_type": 22, "codename": "change_enquiry"}}, {"model": "auth.permission", "pk": 87, "fields": {"name": "Can delete enquiry", "content_type": 22, "codename": "delete_enquiry"}}, {"model": "auth.permission", "pk": 88, "fields": {"name": "Can view enquiry", "content_type": 22, "codename": "view_enquiry"}}, {"model": "auth.permission", "pk": 89, "fields": {"name": "Can add room", "content_type": 23, "codename": "add_room"}}, {"model": "auth.permission", "pk": 90, "fields": {"name": "Can change room", "content_type": 23, "codename": "change_room"}}, {"model": "auth.permission", "pk": 91, "fields": {"name": "Can delete room", "content_type": 23, "codename": "delete_room"}}, {"model": "auth.permission", "pk": 92, "fields": {"name": "Can view room", "content_type": 23, "codename": "view_room"}}, {"model": "auth.permission", "pk": 93, "fields": {"name": "Can add patient", "content_type": 24, "codename": "add_patient"}}, {"model": "auth.permission", "pk": 94, "fields": {"name": "Can change patient", "content_type": 24, "codename": "change_patient"}}, {"model": "auth.permission", "pk": 95, "fields": {"name": "Can delete patient", "content_type": 24, "codename": "delete_patient"}}, {"model": "auth.permission", "pk": 96, "fields": {"name": "Can view patient", "content_type": 24, "codename": "view_patient"}}, {"model": "auth.permission", "pk": 97, "fields": {"name": "Can add bed", "content_type": 25, "codename": "add_bed"}}, {"model": "auth.permission", "pk": 98, "fields": {"name": "Can change bed", "content_type": 25, "codename": "change_bed"}}, {"model": "auth.permission", "pk": 99, "fields": {"name": "Can delete bed", "content_type": 25, "codename": "delete_bed"}}, {"model": "auth.permission", "pk": 100, "fields": {"name": "Can view bed", "content_type": 25, "codename": "view_bed"}}, {"model": "auth.permission", "pk": 101, "fields": {"name": "Can add activity log", "content_type": 26, "codename": "add_activitylog"}}, {"model": "auth.permission", "pk": 102, "fields": {"name": "Can change activity log", "content_type": 26, "codename": "change_activitylog"}}, {"model": "auth.permission", "pk": 103, "fields": {"name": "Can delete activity log", "content_type": 26, "codename": "delete_activitylog"}}, {"model": "auth.permission", "pk": 104, "fields": {"name": "Can view activity log", "content_type": 26, "codename": "view_activitylog"}}, {"model": "auth.permission", "pk": 105, "fields": {"name": "Can add inventory item", "content_type": 27, "codename": "add_inventoryitem"}}, {"model": "auth.permission", "pk": 106, "fields": {"name": "Can change inventory item", "content_type": 27, "codename": "change_inventoryitem"}}, {"model": "auth.permission", "pk": 107, "fields": {"name": "Can delete inventory item", "content_type": 27, "codename": "delete_inventoryitem"}}, {"model": "auth.permission", "pk": 108, "fields": {"name": "Can view inventory item", "content_type": 27, "codename": "view_inventoryitem"}}, {"model": "auth.permission", "pk": 109, "fields": {"name": "Can add staff profile", "content_type": 28, "codename": "add_staffprofile"}}, {"model": "auth.permission", "pk": 110, "fields": {"name": "Can change staff profile", "content_type": 28, "codename": "change_staffprofile"}}, {"model": "auth.permission", "pk": 111, "fields": {"name": "Can delete staff profile", "content_type": 28, "codename": "delete_staffprofile"}}, {"model": "auth.permission", "pk": 112, "fields": {"name": "Can view staff profile", "content_type": 28, "codename": "view_staffprofile"}}, {"model": "auth.permission", "pk": 113, "fields": {"name": "Can add attendance", "content_type": 29, "codename": "add_attendance"}}, {"model": "auth.permission", "pk": 114, "fields": {"name": "Can change attendance", "content_type": 29, "codename": "change_attendance"}}, {"model": "auth.permission", "pk": 115, "fields": {"name": "Can delete attendance", "content_type": 29, "codename": "delete_attendance"}}, {"model": "auth.permission", "pk": 116, "fields": {"name": "Can view attendance", "content_type": 29, "codename": "view_attendance"}}, {"model": "auth.permission", "pk": 117, "fields": {"name": "Can add staff attendance", "content_type": 30, "codename": "add_staffattendance"}}, {"model": "auth.permission", "pk": 118, "fields": {"name": "Can change staff attendance", "content_type": 30, "codename": "change_staffattendance"}}, {"model": "auth.permission", "pk": 119, "fields": {"name": "Can delete staff attendance", "content_type": 30, "codename": "delete_staffattendance"}}, {"model": "auth.permission", "pk": 120, "fields": {"name": "Can view staff attendance", "content_type": 30, "codename": "view_staffattendance"}}, {"model": "auth.permission", "pk": 121, "fields": {"name": "Can add message", "content_type": 31, "codename": "add_message"}}, {"model": "auth.permission", "pk": 122, "fields": {"name": "Can change message", "content_type": 31, "codename": "change_message"}}, {"model": "auth.permission", "pk": 123, "fields": {"name": "Can delete message", "content_type": 31, "codename": "delete_message"}}, {"model": "auth.permission", "pk": 124, "fields": {"name": "Can view message", "content_type": 31, "codename": "view_message"}}, {"model": "auth.permission", "pk": 125, "fields": {"name": "Can add invoice", "content_type": 32, "codename": "add_invoice"}}, {"model": "auth.permission", "pk": 126, "fields": {"name": "Can change invoice", "content_type": 32, "codename": "change_invoice"}}, {"model": "auth.permission", "pk": 127, "fields": {"name": "Can delete invoice", "content_type": 32, "codename": "delete_invoice"}}, {"model": "auth.permission", "pk": 128, "fields": {"name": "Can view invoice", "content_type": 32, "codename": "view_invoice"}}, {"model": "auth.permission", "pk": 129, "fields": {"name": "Can add payment", "content_type": 33, "codename": "add_payment"}}, {"model": "auth.permission", "pk": 130, "fields": {"name": "Can change payment", "content_type": 33, "codename": "change_payment"}}, {"model": "auth.permission", "pk": 131, "fields": {"name": "Can delete payment", "content_type": 33, "codename": "delete_payment"}}, {"model": "auth.permission", "pk": 132, "fields": {"name": "Can view payment", "content_type": 33, "codename": "view_payment"}}, {"model": "auth.permission", "pk": 133, "fields": {"name": "Can add log entry", "content_type": 34, "codename": "add_logentry"}}, {"model": "auth.permission", "pk": 134, "fields": {"name": "Can change log entry", "content_type": 34, "codename": "change_logentry"}}, {"model": "auth.permission", "pk": 135, "fields": {"name": "Can delete log entry", "content_type": 34, "codename": "delete_logentry"}}, {"model": "auth.permission", "pk": 136, "fields": {"name": "Can view log entry", "content_type": 34, "codename": "view_logentry"}}, {"model": "auth.permission", "pk": 137, "fields": {"name": "Can add permission", "content_type": 35, "codename": "add_permission"}}, {"model": "auth.permission", "pk": 138, "fields": {"name": "Can change permission", "content_type": 35, "codename": "change_permission"}}, {"model": "auth.permission", "pk": 139, "fields": {"name": "Can delete permission", "content_type": 35, "codename": "delete_permission"}}, {"model": "auth.permission", "pk": 140, "fields": {"name": "Can view permission", "content_type": 35, "codename": "view_permission"}}, {"model": "auth.permission", "pk": 141, "fields": {"name": "Can add group", "content_type": 36, "codename": "add_group"}}, {"model": "auth.permission", "pk": 142, "fields": {"name": "Can change group", "content_type": 36, "codename": "change_group"}}, {"model": "auth.permission", "pk": 143, "fields": {"name": "Can delete group", "content_type": 36, "codename": "delete_group"}}, {"model": "auth.permission", "pk": 144, "fields": {"name": "Can view group", "content_type": 36, "codename": "view_group"}}, {"model": "auth.permission", "pk": 145, "fields": {"name": "Can add content type", "content_type": 37, "codename": "add_contenttype"}}, {"model": "auth.permission", "pk": 146, "fields": {"name": "Can change content type", "content_type": 37, "codename": "change_contenttype"}}, {"model": "auth.permission", "pk": 147, "fields": {"name": "Can delete content type", "content_type": 37, "codename": "delete_contenttype"}}, {"model": "auth.permission", "pk": 148, "fields": {"name": "Can view content type", "content_type": 37, "codename": "view_contenttype"}}, {"model": "auth.permission", "pk": 149, "fields": {"name": "Can add session", "content_type": 38, "codename": "add_session"}}, {"model": "auth.permission", "pk": 150, "fields": {"name": "Can change session", "content_type": 38, "codename": "change_session"}}, {"model": "auth.permission", "pk": 151, "fields": {"name": "Can delete session", "content_type": 38, "codename": "delete_session"}}, {"model": "auth.permission", "pk": 152, "fields": {"name": "Can view session", "content_type": 38, "codename": "view_session"}}, {"model": "contenttypes.contenttype", "pk": 1, "fields": {"app_label": "core", "model": "aboutsection"}}, {"model": "contenttypes.contenttype", "pk": 2, "fields": {"app_label": "core", "model": "article"}}, {"model": "contenttypes.contenttype", "pk": 3, "fields": {"app_label": "core", "model": "blog"}}, {"model": "contenttypes.contenttype", "pk": 4, "fields": {"app_label": "core", "model": "category"}}, {"model": "contenttypes.contenttype", "pk": 5, "fields": {"app_label": "core", "model": "department"}}, {"model": "contenttypes.contenttype", "pk": 6, "fields": {"app_label": "core", "model": "doctorcta"}}, {"model": "contenttypes.contenttype", "pk": 7, "fields": {"app_label": "core", "model": "doctorspagesettings"}}, {"model": "contenttypes.contenttype", "pk": 8, "fields": {"app_label": "core", "model": "featuredblog"}}, {"model": "contenttypes.contenttype", "pk": 9, "fields": {"app_label": "core", "model": "featureddoctor"}}, {"model": "contenttypes.contenttype", "pk": 10, "fields": {"app_label": "core", "model": "footersettings"}}, {"model": "contenttypes.contenttype", "pk": 11, "fields": {"app_label": "core", "model": "headersettings"}}, {"model": "contenttypes.contenttype", "pk": 12, "fields": {"app_label": "core", "model": "highlightitem"}}, {"model": "contenttypes.contenttype", "pk": 13, "fields": {"app_label": "core", "model": "infocard"}}, {"model": "contenttypes.contenttype", "pk": 14, "fields": {"app_label": "core", "model": "service"}}, {"model": "contenttypes.contenttype", "pk": 15, "fields": {"app_label": "core", "model": "specialty"}}, {"model": "contenttypes.contenttype", "pk": 16, "fields": {"app_label": "core", "model": "userreview"}}, {"model": "contenttypes.contenttype", "pk": 17, "fields": {"app_label": "core", "model": "user"}}, {"model": "contenttypes.contenttype", "pk": 18, "fields": {"app_label": "core", "model": "doctor"}}, {"model": "contenttypes.contenttype", "pk": 19, "fields": {"app_label": "core", "model": "appointment"}}, {"model": "contenttypes.contenttype", "pk": 20, "fields": {"app_label": "core", "model": "testimonial"}}, {"model": "contenttypes.contenttype", "pk": 21, "fields": {"app_label": "core", "model": "contactinfo"}}, {"model": "contenttypes.contenttype", "pk": 22, "fields": {"app_label": "core", "model": "enquiry"}}, {"model": "contenttypes.contenttype", "pk": 23, "fields": {"app_label": "core", "model": "room"}}, {"model": "contenttypes.contenttype", "pk": 24, "fields": {"app_label": "core", "model": "patient"}}, {"model": "contenttypes.contenttype", "pk": 25, "fields": {"app_label": "core", "model": "bed"}}, {"model": "contenttypes.contenttype", "pk": 26, "fields": {"app_label": "core", "model": "activitylog"}}, {"model": "contenttypes.contenttype", "pk": 27, "fields": {"app_label": "core", "model": "inventoryitem"}}, {"model": "contenttypes.contenttype", "pk": 28, "fields": {"app_label": "core", "model": "staffprofile"}}, {"model": "contenttypes.contenttype", "pk": 29, "fields": {"app_label": "core", "model": "attendance"}}, {"model": "contenttypes.contenttype", "pk": 30, "fields": {"app_label": "core", "model": "staffattendance"}}, {"model": "contenttypes.contenttype", "pk": 31, "fields": {"app_label": "core", "model": "message"}}, {"model": "contenttypes.contenttype", "pk": 32, "fields": {"app_label": "cashier", "model": "invoice"}}, {"model": "contenttypes.contenttype", "pk": 33, "fields": {"app_label": "cashier", "model": "payment"}}, {"model": "contenttypes.contenttype", "pk": 34, "fields": {"app_label": "admin", "model": "logentry"}}, {"model": "contenttypes.contenttype", "pk": 35, "fields": {"app_label": "auth", "model": "permission"}}, {"model": "contenttypes.contenttype", "pk": 36, "fields": {"app_label": "auth", "model": "group"}}, {"model": "contenttypes.contenttype", "pk": 37, "fields": {"app_label": "contenttypes", "model": "contenttype"}}, {"model": "contenttypes.contenttype", "pk": 38, "fields": {"app_label": "sessions", "model": "session"}}, {"model": "sessions.session", "pk": "hgdh5k43t6xkvui02bjfkqlrir1bi1hl", "fields": {"session_data": ".eJxVjDsOwjAQBe_iGln-xWtT0nMGy-vd4ABKpDipEHcHSymgnZn3XiLlfatpb7ymicRZWHH6ZZjLg-cu6J7n2yLLMm_rhLIn8rBNXhfi5-Vo_w5qbvW7RgYozDnwABrRaheVwWjIKRu1Di4ABDO6jpT2xDGSJY_DyAUKePH-AN_hN7w:1uctmg:vHlLJGY7mFWqIk3fQ6VKmPOtHH2KBTBJ0-pOq-Jpw6o", "expire_date": "2025-08-01T22:42:30.273Z"}}]